{
  "temperature_model": {
    "rmse": 4.276797464401801,
    "mae": 3.3385751247406006,
    "data_shape": [
      10731,
      100,
      6
    ]
  },
  "vibration_model": {
    "accuracy": 0.9762809791698343,
    "precision": 0.7526113249037933,
    "recall": 0.9870223503965393,
    "f1_score": 0.8540237055520898,
    "data_shape": [
      19731,
      10,
      7
    ]
  }
}